,rooms,people,home_area (m^2),is_airconditioning_used,is_electronics_used,is_apartment,avg_monthly_income (Rs),children,is_city,electricity_bill (Rs),electricity_bill_prediction
0,3,3,742.57,1,1,1,9675.93,2,0,560.4814468999999,671.6725557203368
1,1,5,952.99,0,1,0,35064.79,1,1,633.2836786,665.6996199393415
2,3,1,761.44,1,1,1,22292.44,0,0,511.8791568,465.0465969804574
3,0,5,861.32,1,1,0,12139.08,0,0,332.9920353,408.6122475934472
4,1,8,731.61,0,1,0,17230.1,2,1,658.285625,685.6471415988738
5,0,5,837.24,0,1,1,24661.81,2,1,793.2423456,782.5425692768467
6,4,5,679.04,0,1,0,28184.43,1,1,570.3828451,617.8620755328524
7,3,4,1044.65,0,0,1,16912.69,2,1,585.4051997,625.5935309460823
8,2,4,713.9,1,0,0,26058.28,0,1,653.2008685,628.9429181383424
9,1,6,734.43,0,0,0,22545.5,2,1,606.015138,618.2961771037557
10,2,6,742.69,0,1,0,15670.76,0,0,222.73454159999997,253.86509948668586
11,1,6,924.04,1,1,0,22527.33,0,1,606.1839762999999,693.5728915615668
12,0,3,776.62,0,1,0,32341.3,0,1,528.2784473999999,538.2420944954436
13,2,4,990.59,0,1,1,13084.35,0,1,622.3819174,565.8709055525102
14,2,7,870.61,0,1,0,31430.75,1,1,756.6516958999999,659.0711910280354
15,1,5,747.02,0,1,0,28595.98,0,1,471.12843669999995,539.1240683852686
16,3,5,699.01,0,0,1,44997.0,3,0,458.84287939999996,538.5163416244778
17,2,8,932.84,1,1,0,30009.93,1,1,818.1268647,829.9104561462179
18,4,4,573.69,0,1,0,32902.39,1,0,355.43433460000006,362.546652542203
19,3,1,901.33,0,1,1,27090.16,2,1,707.9660271,755.5552896393572
20,1,6,902.07,1,1,0,11306.32,1,0,583.5433244,545.8812168940182
21,3,4,686.59,0,1,1,36352.99,1,1,579.6585177999999,660.113340328753
22,1,4,860.28,0,0,0,7792.07,0,1,529.6833919,464.9036536471144
23,1,7,859.83,0,1,1,42003.43,1,1,763.9111317,693.5986876160429
24,2,6,773.65,0,1,0,30764.16,2,1,695.0368687000001,695.4408478035205
25,2,7,808.93,0,1,1,26083.57,1,1,605.607782,677.8165272201278
26,3,2,890.69,1,1,1,17349.88,4,1,994.6565775,1019.4499348438483
27,1,1,765.32,0,1,1,8315.34,0,1,535.7010785,551.9352884509534
28,1,2,657.97,1,1,0,28148.91,1,1,711.3453732999999,795.0013513664267
29,2,7,816.77,0,1,1,16817.74,1,1,703.4094805,677.5612919148875
30,3,5,988.62,0,1,0,30021.55,3,1,731.2151799,778.6849502000018
31,1,4,733.55,0,1,1,14935.76,2,1,746.0997602000001,770.0780211927454
32,3,6,682.75,0,1,1,14898.26,1,1,601.4020142,690.5915716820587
33,0,9,1009.31,1,1,0,26697.92,2,0,715.5738462,611.6758755176468
34,2,7,764.79,1,1,1,26101.9,0,1,782.140521,748.5176333803767
35,2,6,643.52,0,1,0,5829.41,1,1,534.364255,591.0634739271687
36,2,5,554.38,0,0,1,28399.11,0,0,312.5746088,291.4474321555301
37,3,5,823.05,0,1,0,32656.32,0,1,611.881149,543.0549114052722
38,1,4,640.25,0,1,0,20463.3,0,1,552.3478759999999,517.735882838822
39,4,5,689.76,1,0,0,26291.15,0,0,349.60272819999994,400.5928260218898
40,2,5,813.69,0,1,1,23541.2,1,1,612.5974269999999,670.1012713156388
41,1,3,821.69,1,1,0,16745.65,1,1,737.1308417,790.2677117023845
42,3,3,664.68,1,0,1,32740.89,2,1,873.6665321,830.9161972775549
43,2,3,1054.58,1,1,1,21255.23,0,1,696.3223547,746.6911080943097
44,2,0,1042.81,0,0,1,39314.16,0,0,238.9001909,290.13629203026613
45,3,5,929.46,0,1,1,16106.32,1,1,592.0867337000001,667.6056142276043
46,1,4,673.08,1,0,1,14214.36,2,0,658.0727505,593.0705606146238
47,1,5,713.62,0,1,1,36298.72,1,1,694.1850442000001,675.9960148355626
48,2,5,704.72,1,1,1,31749.91,2,1,926.2187523,924.0807986303132
49,1,4,794.74,0,0,0,6364.43,1,1,622.8890891,534.8817657037262
50,2,4,829.78,1,1,1,19835.2,2,1,1010.938058,922.2780567705663
51,1,4,953.19,1,1,1,39489.23,1,1,815.613587,830.3705124330736
52,1,5,585.55,0,0,1,20797.91,3,0,565.2021559,540.0426642802723
53,5,6,633.97,1,0,1,28202.39,0,0,447.529972,466.85801286435867
54,3,5,820.54,0,1,0,22586.51,0,1,579.811638,533.0528825407656
55,3,3,750.39,0,1,0,18681.58,3,0,564.8511814,496.9215813563978
56,2,2,672.37,1,1,1,19403.1,1,1,803.3617544,804.7780009884457
57,2,4,685.43,0,1,0,34816.79,0,1,453.9486956,529.8686443855981
58,3,2,662.29,0,1,0,36722.54,2,0,428.0121685,481.60366494524646
59,1,6,725.53,0,1,0,25109.88,3,0,559.7427587000001,502.59045775701094
60,1,0,878.69,0,1,1,15569.46,2,1,821.6441917999999,755.4702385963375
61,3,7,898.5,1,1,0,36884.89,2,1,976.8192518999999,891.5811394616125
62,3,7,893.27,0,1,0,16860.46,1,1,692.4273097,655.0346467320325
63,3,7,533.3,0,1,1,27626.36,0,1,657.3938401,600.4367767657379
64,1,8,518.49,1,1,0,30763.52,0,1,676.1190816000001,696.6150760512616
65,3,7,794.89,1,1,0,35189.49,2,0,670.8193916,654.9954727748187
66,2,8,711.53,0,0,0,37215.47,1,0,307.582511,297.66814858489647
67,2,6,1010.55,0,1,0,27689.47,1,0,440.5656881,368.231348046926
68,4,4,845.12,0,1,0,12264.5,1,1,564.655552,594.2403384885404
69,1,7,714.65,1,1,0,24488.96,1,0,567.2766771,548.0522625731227
70,1,5,704.64,0,1,1,31282.86,0,1,626.4506534,605.9993119941763
71,2,2,690.69,0,1,1,14905.48,0,1,664.9073388999999,563.0970738059286
72,1,2,704.75,0,1,1,46993.0,0,0,390.59862799999996,350.8846145770614
73,2,4,873.04,1,1,0,22599.47,1,0,525.5660584,529.8230398572805
74,1,4,862.83,0,1,1,14622.24,2,1,654.9969378,760.3986072375451
75,4,6,534.35,0,1,1,45379.66,0,1,633.9372718,604.5641272328602
76,2,5,666.23,0,1,0,25393.47,1,0,328.825046,358.1798167398415
77,3,8,780.66,1,0,1,28477.29,1,1,727.4280326,767.9023652323762
78,2,6,700.32,1,1,0,17418.74,2,1,806.5937005,860.8450977618954
79,2,6,388.17,0,1,1,9736.98,1,1,690.6665444,682.7017062524692
80,3,6,637.24,1,1,1,35536.9,0,0,397.6351074,483.62497658543015
81,2,3,868.51,0,1,0,30102.18,0,1,620.1505837999999,551.9416742863174
82,2,5,956.49,1,1,1,30233.2,1,0,640.7265185,603.1058417831364
83,3,8,613.67,0,1,0,21489.89,0,0,273.5962329,259.06296370895956
84,2,5,556.77,0,1,1,33455.61,0,0,433.18141160000005,362.23504775513857
85,1,4,719.97,0,1,1,22954.06,0,1,553.3296824,580.0690795198858
86,1,4,722.55,1,0,1,49903.47,0,0,506.9184632,468.7104007969607
87,2,6,755.85,1,0,0,28414.45,2,1,762.1161771000001,811.8275358429772
88,2,4,912.5,1,1,0,29492.59,0,0,547.5001535,413.73573229715817
89,2,8,592.68,1,1,1,20542.24,1,1,780.4230187000001,816.8784612918364
90,-1,5,697.17,0,1,1,17804.39,2,1,817.5148774,786.8705446066867
91,2,4,631.85,1,1,0,29206.67,0,0,445.72348470000003,411.26400985321015
92,3,7,627.3,0,1,0,32568.9,0,1,488.9383085,541.5122171930965
93,2,5,686.0,0,1,0,12090.35,2,1,762.7457624,693.3385036728955
94,4,2,755.81,1,1,0,34541.06,2,0,702.2583676,654.7302852523017
95,3,2,875.98,0,1,0,24849.38,2,0,534.6117634999999,473.27902868619174
96,1,5,729.06,1,1,0,22456.58,1,1,848.0907729,804.092887123632
97,2,3,698.35,0,0,0,37442.86,2,0,302.49120739999995,386.3795510386618
98,2,5,621.6,1,1,0,27571.38,1,0,421.1591555,533.0492836951838
99,3,9,1123.53,0,1,1,33964.42,0,1,559.968969,602.9215772471306
100,3,5,486.17,0,1,0,18879.68,0,0,198.5154603,232.4764706402151
101,3,10,810.5,0,1,1,39304.91,1,1,815.3694045,702.0874567509672
102,2,6,750.76,1,1,0,26952.99,2,1,789.5914601,862.0107937870106
103,2,4,1000.26,1,1,1,18076.23,0,0,424.9164636,467.5093000021945
104,0,8,758.0,1,1,0,24767.0,0,0,439.72808839999993,409.71384801946334
105,2,3,700.37,0,1,1,14199.3,3,1,836.6893792999999,852.8978451624918
106,3,5,674.38,0,1,0,14925.92,0,1,491.22022089999996,505.31772813283516
107,2,4,1021.58,0,1,1,36811.24,2,0,425.0775643999999,518.2901524583815
108,3,4,773.05,0,1,0,20515.14,0,1,451.3722352,516.7229839587213
109,2,8,969.13,1,1,0,10539.88,1,0,439.6013586,546.6549007791413
110,1,7,580.33,0,1,0,30949.12,1,0,472.0017023,383.1142319787905
111,1,4,751.24,0,1,1,24104.97,2,1,835.1975353999999,777.2992884623476
112,1,9,835.06,0,1,1,27876.39,2,1,755.5377839,775.9938522612752
113,1,2,984.48,1,1,1,29999.75,2,1,840.2709695,920.5135767754069
114,1,6,900.96,0,1,0,12476.47,1,1,653.6549818,636.2903872712156
115,2,4,701.95,0,1,1,31473.06,2,1,828.2807862000001,776.4430204125877
116,1,6,719.2,0,1,0,31574.87,1,1,541.8547912,600.9208233371087
117,2,4,742.02,1,1,0,28730.32,1,0,603.3643827000001,530.774537044992
118,2,3,776.74,1,1,1,28498.21,1,1,844.0376613,827.8525306273779
119,3,2,651.79,0,1,0,31858.78,0,1,510.4280629,523.6618185186057
120,2,6,824.89,1,1,1,22751.5,0,1,669.3708527000001,748.2075026756739
121,-1,2,638.39,0,1,0,26305.76,2,1,675.4832544,686.9133173762946
122,2,5,1076.14,0,1,1,34651.95,2,0,558.4210491,519.465760403411
123,3,7,579.55,1,1,1,23892.45,0,0,457.7362956,479.6845900367076
124,2,4,777.33,0,1,0,20522.84,1,1,704.3168172999999,602.5232476746846
125,2,0,549.85,0,0,0,23928.25,2,1,611.2579713,614.2030259093548
126,1,6,764.09,1,0,1,18017.78,2,0,605.2541021000001,595.5640928554158
127,2,6,879.51,1,1,1,22013.63,0,0,422.5633362,495.4643149177605
128,2,6,671.88,0,0,1,14134.17,1,1,563.5413892999999,602.383936178158
129,2,7,887.91,1,1,0,20988.27,0,1,724.8519505,696.1150230587386
130,3,4,699.8,0,1,1,12241.93,0,1,493.25656739999994,558.7944574133236
131,1,6,850.87,1,1,0,3776.08,0,1,652.293855,695.0950291403994
132,1,11,946.74,0,1,1,28819.03,2,1,730.0905088,774.3340054370622
133,3,7,549.72,0,1,1,41533.34,1,0,556.8264404,449.6655755415734
134,0,5,755.03,0,1,0,19693.19,1,0,261.9466408,368.0276396590943
135,2,6,828.63,1,1,1,10699.02,2,1,836.41467,917.399689539633
136,1,5,323.95,0,1,0,26295.5,1,1,505.44364759999996,615.432904195753
137,3,6,683.29,0,1,1,23182.8,1,0,507.99120639999995,429.00965328102683
138,2,5,557.23,0,0,0,19273.03,0,0,197.0671145,222.93356223281128
139,2,4,683.02,1,1,1,29193.07,1,0,606.133103,588.7244087164437
140,4,4,840.2,1,1,0,33580.57,0,1,653.2507522000001,687.895465401759
141,1,8,970.75,0,1,0,32285.37,0,0,367.968041,283.2149978710546
142,3,2,929.79,1,0,1,24110.05,2,0,654.9929597999999,606.0555801664636
143,1,5,692.13,0,1,0,26348.19,2,0,490.11769330000004,483.8585031494958
144,1,1,878.83,0,1,0,34531.17,1,0,371.7114552,368.17694090367297
145,3,7,572.78,1,1,1,34099.98,1,0,513.9281277,587.3931769257683
146,2,4,840.06,0,1,1,20857.83,2,1,779.8590201000001,759.9411412128511
147,2,2,765.99,0,1,0,21128.67,2,0,470.47463619999996,470.2597375960904
148,2,6,627.91,1,1,1,21104.1,3,0,823.628494,742.2109293402505
149,3,6,884.14,1,1,1,25621.9,0,0,613.4892018999999,502.1343226241115
150,3,6,776.99,1,1,0,15962.89,1,0,517.2493253,508.5853888451241
151,2,8,567.36,1,1,1,12522.58,1,1,896.6508247000002,830.70048767062
152,1,5,870.71,0,1,1,29910.62,3,1,812.1212149,852.8978451624918
153,2,4,1177.7,1,1,1,19366.43,3,1,984.2688434,1020.3755909973163
154,1,5,950.5,0,1,1,15450.66,0,0,414.7156609,362.28680447236985
155,1,2,817.61,0,1,0,38734.51,1,1,622.0495954,586.8251605860161
156,1,7,658.86,0,1,1,35701.06,1,0,534.1766167,445.4647329163625
157,3,7,764.33,0,1,1,31872.19,2,0,570.4230146000001,542.6721119195876
158,3,2,1005.38,1,1,1,33346.93,1,1,754.6272794,829.1291866744342
159,1,3,968.28,0,1,0,32258.4,2,1,815.0588562999999,719.4016440915667
160,2,3,800.96,0,1,0,30971.97,2,0,455.34760470000003,479.5021983786032
161,2,3,564.17,1,1,1,16354.79,0,1,610.0848676,732.4547509006813
162,1,5,752.39,0,1,1,35560.75,1,1,589.4441598,674.5218159776546
163,2,4,771.59,0,1,1,25489.96,1,1,601.7710286,651.8378462252768
164,2,4,1069.32,0,1,0,12435.65,1,1,686.7638017,611.200301808115
165,3,5,836.5,0,1,1,28629.77,2,1,862.2175725,779.541206460959
166,3,5,934.82,0,1,0,24210.55,0,1,593.7690527000001,551.9747233024923
167,2,3,760.75,0,1,0,32129.77,3,0,545.6086012999999,500.71019455645603
168,1,7,665.07,0,1,0,42115.1,1,1,576.2863923,600.5072530806427
169,1,4,704.72,0,0,0,20191.55,1,1,500.8210966,530.8606153155552
170,4,-1,1058.32,1,0,0,17182.76,4,0,598.9381837999999,617.279368879715
171,2,4,883.45,0,0,0,22813.35,2,0,372.44377579999997,385.9465637028198
172,1,6,626.75,0,1,0,31028.6,3,0,457.7769971,503.43006088507354
173,2,5,635.28,0,1,0,32315.58,1,1,567.3438377,614.390487625295
174,1,5,574.3,0,1,0,11962.93,0,1,429.26384569999993,505.0820431137325
175,1,3,813.06,1,1,1,31780.33,2,1,908.8415470000001,928.5331738789749
176,2,7,911.98,0,1,0,26336.01,2,1,794.8439016,705.8996837048464
177,2,4,880.15,0,1,0,22242.58,2,1,616.8825019999999,707.2752312992228
178,2,7,931.86,0,1,0,24697.02,0,1,575.1968352000001,555.1885558624112
179,2,6,809.69,0,1,0,18617.69,1,0,311.4161298,372.22031686855445
180,2,3,786.46,0,1,0,31008.24,3,0,467.478603,499.7728599454815
181,-1,8,801.48,1,1,0,22003.44,2,1,960.3130864,865.2038519692854
182,1,4,748.04,1,1,1,16081.34,0,0,382.0630621,462.6834719593618
183,1,5,670.5,1,0,1,-1013.85,2,0,528.6530379,591.6098868741695
184,2,6,548.96,0,1,0,31400.35,2,0,485.73864960000003,496.71904431610363
185,2,5,569.94,0,0,1,19983.43,1,1,562.9551679,597.5162415599984
186,2,3,731.05,0,1,1,21571.95,1,0,479.555862,421.4901893584754
187,1,4,1035.94,1,1,0,38030.46,1,1,821.6955521000001,827.0913408134927
188,1,1,799.66,0,0,0,21299.68,1,0,277.1831966,296.9916624610676
189,2,5,843.85,0,1,0,19607.07,0,0,306.99609879999997,241.84663607599035
190,2,6,928.7,0,1,1,31689.0,1,1,792.8161884,679.627621449395
191,2,9,856.5,0,1,0,18043.09,1,1,539.6381852999999,644.1857897182792
192,1,5,767.79,0,1,0,28953.16,0,0,183.45032340000003,266.99473935111433
193,2,7,996.66,1,1,0,30070.15,0,1,618.7511794,695.1864822648122
194,4,8,795.46,1,0,0,26405.81,1,1,769.1072468,726.5124653278826
195,4,9,678.47,0,0,0,30465.27,2,1,706.8992695000001,619.7235289409823
196,2,8,861.31,1,1,0,24174.71,1,0,640.1846499,546.6006214305288
197,3,5,819.68,1,0,0,10547.98,0,1,586.1330574,627.7744664183534
198,0,3,766.53,0,1,1,25372.96,1,0,300.4399838,422.2897208896808
199,4,2,834.13,1,1,0,32820.26,0,0,453.0959102,416.4699986452778
200,3,0,618.91,1,1,0,19943.2,0,1,709.0744227000001,689.6889268420199
201,1,4,942.95,0,0,0,23348.8,1,1,650.9153022999999,536.6990023148618
202,1,6,1002.71,0,1,1,26478.15,2,0,420.83660030000004,511.49431559354997
203,2,8,834.85,0,1,1,16956.43,0,0,302.893914,366.96877343679955
204,2,7,868.06,1,0,0,26477.51,0,1,551.7878059999999,629.8783270631365
205,1,5,684.37,1,0,1,33920.09,0,1,570.8432625,736.9662371881512
206,1,4,691.12,1,1,0,47090.5,0,1,698.066295,695.3233044608511
207,4,4,801.12,0,1,0,11182.68,2,1,606.3941555,710.3699341344724
208,2,7,825.89,0,1,0,35389.76,0,1,535.0685342,557.0935772706383
209,0,5,606.3,1,1,1,23623.36,1,0,558.7426381,588.8385005906771
210,2,7,1046.44,0,1,1,28452.41,1,1,630.6312015999999,679.2351225405833
211,1,3,550.83,0,1,0,27439.6,2,1,586.4738462,685.2836405110004
212,2,2,670.35,0,1,1,16868.7,2,1,669.0412069,747.4882004338473
213,2,3,800.93,1,1,1,26743.0,0,1,746.518128,750.4608981569498
214,2,6,881.87,1,1,0,8927.86,0,1,720.1093318,690.6191317560459
215,3,5,772.83,0,1,1,31214.57,0,1,658.2630834,603.0129826837712
216,1,3,730.49,0,0,0,29719.32,1,1,549.545373,515.4794785252858
217,0,4,844.57,1,1,0,26500.91,1,1,880.8234158,818.7972966085707
218,4,2,737.62,1,1,1,35443.13,3,1,1018.8072080000001,1026.452337677993
219,2,6,643.98,0,0,1,20385.97,0,1,457.52406210000004,467.6411049535272
220,1,5,587.1,0,0,1,12899.98,1,1,531.2852753999999,596.2830533291523
221,3,9,681.31,0,0,1,36553.92,1,0,363.393724,404.8783278840775
222,0,4,857.96,0,1,0,13955.21,0,0,300.1616797,250.83555661969677
223,3,6,792.56,0,1,0,23087.74,2,1,812.8427609,699.717005451982
224,1,3,938.51,1,1,0,17284.03,2,0,495.1024651000001,598.7643317111653
225,3,6,865.67,0,1,1,35757.27,0,0,393.6225296,373.8240687264021
226,3,5,1087.35,0,1,0,38651.2,1,1,662.5452582,670.6424839360589
227,3,8,669.97,0,1,0,22952.21,1,1,553.4463821,608.4094641150417
228,1,5,635.28,0,1,1,21549.44,1,0,481.9255305,425.38565436319135
229,1,4,608.51,0,1,0,34811.43,2,1,776.9682302,706.8501077258478
230,2,9,937.63,0,1,1,10770.83,2,1,836.0758367000001,764.8188869766453
231,2,5,904.92,1,1,0,5801.91,0,1,710.6763872,689.4832756632354
232,1,7,788.73,0,1,1,15850.7,0,1,676.9253263999999,593.2074695600717
233,2,1,939.97,0,0,1,27136.17,1,0,387.32329730000004,393.7893467429349
234,1,6,895.91,0,0,0,18822.41,1,0,222.22476310000002,296.9649536095636
235,2,4,690.85,1,1,1,10227.04,0,1,813.9892298999999,747.4534088013805
236,1,5,888.32,0,1,1,36802.71,1,1,603.1229602000001,672.295004910634
237,2,4,549.95,0,1,0,34362.91,1,1,605.9595005,588.4412574091812
238,0,5,1046.68,1,0,1,21197.44,1,1,801.7182161000001,769.7174587421146
239,4,4,869.29,0,1,0,7682.1,1,1,534.148012,595.2072172353028
240,3,3,927.71,0,1,1,28285.37,0,1,581.3758404,570.8597870457536
241,2,3,1102.5,0,1,1,20783.2,1,0,409.1240787,423.8835446750663
242,1,5,1031.06,1,1,0,38350.58,3,1,1066.594425,985.5911819228174
243,3,3,769.77,0,1,0,15884.25,2,0,536.8192042,460.5289408154096
244,1,5,658.94,0,1,1,28110.64,2,1,818.8201127,797.3756610461979
245,3,4,660.55,0,1,1,43636.94,0,1,616.4123284,590.9000326121891
246,2,7,664.49,1,1,0,33094.49,1,0,590.0817935,547.9318211535505
247,1,6,701.3,0,1,0,37684.67,0,0,250.93131839999998,279.28511846073275
248,2,5,963.07,0,1,0,44918.46,2,0,494.01890810000003,488.219488075224
249,3,5,993.23,0,1,0,31536.8,1,1,752.0093749,675.3278219808899
250,2,7,974.28,1,0,1,9282.02,0,1,630.8952742,733.5237269248497
251,2,3,731.11,0,1,1,20693.18,0,0,245.22434080000002,335.3943396326475
252,4,1,862.33,0,1,0,20098.58,1,0,272.8650264,357.36373974160153
253,1,2,708.64,1,1,0,34663.71,1,0,562.0554916,531.6883619314882
254,1,5,612.54,0,0,1,20217.23,2,0,442.11685439999997,458.6167932188988
255,1,7,840.81,0,0,0,30684.89,0,0,226.4556426,281.9959350837864
256,1,2,680.57,1,1,1,4884.15,0,1,617.8314193,745.1715852206768
257,2,8,790.51,1,1,0,24854.53,1,1,905.4282994999999,817.1865477489674
258,0,6,979.89,1,1,0,14522.36,3,1,914.6161758,979.8010843207506
259,2,4,972.95,0,1,1,34625.01,3,1,829.2913526000001,852.8978451624918
260,3,2,676.98,0,1,0,22900.94,2,1,711.565416,704.5703399492974
261,2,3,581.22,0,1,0,29023.85,1,1,572.7088478,572.6994312094727
262,3,5,1166.71,1,1,1,13738.55,1,1,926.7304853,819.0391199270846
263,2,2,924.17,0,1,0,16058.13,0,0,279.7438394,236.46900379280189
264,2,4,996.35,1,1,1,37360.13,1,0,571.2180811000001,603.1058417831364
265,3,6,1097.89,0,1,1,22277.67,2,1,709.3098137999999,765.8199434578951
266,2,6,548.8,0,1,0,27080.23,2,0,543.9354183999999,496.20172501418705
267,3,7,981.26,0,1,1,-526.54,3,1,783.5255785,852.8978451624918
268,0,4,904.53,1,1,1,56531.08,0,0,583.2398175,484.29100820173386
269,2,4,835.05,1,1,1,-90.52,0,1,794.6139999999999,756.9789973978747
270,3,6,786.93,0,1,1,17196.35,0,1,568.6786069,592.7457862288858
271,0,4,1185.36,0,1,1,28864.24,0,1,662.1393949,596.6461248601704
272,2,4,534.15,1,1,0,24618.26,1,1,682.4090632,792.1847793163572
273,2,6,700.94,1,1,0,18591.7,0,1,679.1481047999999,690.8207842635253
274,2,6,662.82,0,1,1,20919.1,2,1,656.4575669,768.9021737940654
275,2,7,860.15,0,1,0,39465.64,2,0,509.02915880000006,492.88641750292607
276,4,7,709.59,0,1,1,18900.25,1,0,350.8113244,409.4593939181132
277,0,9,843.85,0,0,1,22729.18,1,1,577.2556066000001,614.3690327147827
278,1,6,948.47,0,1,0,25758.26,2,0,474.1761551,488.19791573263274
279,2,6,750.79,0,1,1,22787.4,3,1,888.2096974,852.8978451624918
280,3,3,571.3,0,1,0,27899.3,0,0,294.6957175,244.99512719519282
281,3,5,942.5,1,0,1,15292.0,0,0,400.7263335,467.31101860187465
282,2,1,560.7,1,1,0,26586.82,1,0,456.862551,525.9437583931224
283,1,6,701.89,0,1,1,32896.78,0,0,366.0123683,372.36467713892256
284,3,5,1074.9,0,0,1,26420.49,1,0,309.3080252,392.77846248013606
285,1,7,892.85,0,1,1,15912.6,1,0,373.87294710000003,404.50542210929603
286,1,8,848.04,0,1,1,18347.8,1,1,696.6311855,682.3456780566504
287,2,4,749.44,0,1,1,21510.21,2,0,483.10734890000003,523.3935561468658
288,3,7,754.59,1,1,0,30996.0,1,0,522.8448179,521.3506981708761
289,1,4,821.37,0,0,1,14991.02,0,1,463.5323308,470.34870167518113
290,3,7,916.95,0,1,1,19975.74,2,1,782.7341352999999,764.505608387297
291,2,6,898.26,1,1,1,15825.46,0,0,524.5383396000001,493.00095426407586
292,2,5,593.12,1,1,1,25339.76,1,1,780.9526325,813.367474936337
293,3,2,752.36,0,1,1,9371.77,3,0,609.0749818,569.8445837760302
294,1,3,757.73,1,1,0,22432.58,2,1,915.4694544,874.8678192073702
295,4,8,635.78,0,1,1,24609.66,0,0,432.3340355,373.1273470069315
296,3,6,676.79,0,0,1,21962.35,1,1,583.2890522000001,607.8740056335299
297,3,7,827.01,0,1,1,26537.74,0,0,432.2673572,377.7267213790021
298,2,7,606.43,1,1,0,16225.94,2,1,850.4622698,860.2951515332761
299,0,1,557.07,1,1,1,7525.82,1,1,800.1079434,810.862911615769
300,1,4,942.08,0,1,1,27218.13,1,1,616.0944936000001,645.4761854774345
301,1,6,833.6,0,1,0,28663.06,0,1,547.9316486,549.5558348838872
302,2,8,813.67,1,1,1,15648.87,2,0,621.6985441,665.2980001881001
303,2,6,361.13,0,0,1,28218.63,1,0,441.87392919999996,399.2298980583777
304,2,5,711.94,0,1,1,19210.78,1,0,418.50825160000005,412.3166346153742
305,1,7,696.3,0,1,0,30768.18,1,1,532.4827927,600.1889224285092
306,2,6,599.88,0,1,1,24223.48,0,1,494.14093169999995,587.8265104961009
307,1,7,661.46,0,1,1,31908.08,1,0,444.270298,441.48735324301333
308,3,6,704.81,0,1,0,20227.31,0,0,189.435056,268.57843044056665
309,2,4,828.85,0,1,0,-1048.77,2,0,382.6288977,455.39224885030666
310,2,7,915.66,0,1,0,8824.44,0,1,436.7547868,520.4562638248766
311,0,4,906.78,0,1,0,24609.42,2,1,793.7354241,715.9727230442091
312,3,4,916.19,1,1,0,19258.73,2,1,971.6818099,900.9201350925774
313,3,8,631.54,0,1,1,12107.02,1,1,756.0872302,693.5400623629746
314,1,4,802.95,0,1,0,47110.28,1,0,410.3066595,375.58839259500365
315,2,1,597.39,1,1,0,20184.42,1,1,769.0576612000001,782.8282524187836
316,3,9,744.67,1,1,1,26095.19,1,1,788.4536996,827.6033983467429
317,0,2,840.99,1,1,1,26297.68,2,0,663.8351392000001,666.8680718892177
318,1,6,1066.39,1,0,1,47483.47,1,1,748.8090585,768.7671958547394
319,3,5,820.39,0,1,1,9501.99,2,1,787.2543942000001,768.4190971365268
320,3,7,824.91,1,0,0,20618.16,3,1,931.0142392000001,896.3458858634542
321,0,2,702.84,0,0,1,23958.43,0,1,475.0254414,465.52040521305605
322,2,2,653.43,1,0,1,25127.72,1,1,769.0218418,773.9513650639618
323,2,5,663.28,0,1,1,32704.18,1,1,650.4666246,677.6130301802749
324,0,5,780.22,0,1,1,14164.11,2,1,818.3629448,779.453679213758
325,2,6,911.58,1,0,1,36316.9,1,0,475.0777396000001,508.3352025309312
326,2,5,244.4,1,0,1,39823.7,2,1,858.6716877,833.0571169594899
327,2,5,674.53,0,1,0,16451.23,0,0,163.36477140000002,226.32298402419502
328,3,5,1019.52,1,1,1,21532.89,1,1,760.5243042000001,806.2394849029719
329,1,1,515.34,0,1,1,11753.98,0,1,460.1106084,550.2116622705179
330,1,5,584.85,0,0,0,2108.61,0,1,440.81244979999997,461.54263617675633
331,4,7,900.39,1,1,0,22294.67,1,1,883.6118169,812.6047688510055
332,4,6,829.15,1,1,0,18777.36,2,1,833.1895497,882.9823280018444
333,2,4,814.28,0,1,0,34929.14,1,0,418.7832479,371.8024437693888
334,1,8,895.34,1,1,0,36314.02,1,0,532.7216015,547.7568755648383
335,2,6,911.72,1,1,1,24762.94,0,1,845.9697556,757.5598202495648
336,4,7,770.68,1,0,0,24871.18,0,1,714.2096849999999,631.3146549593555
337,1,3,824.05,0,1,0,38321.36,3,1,784.1259378999999,778.6849502000018
338,5,3,750.58,0,0,0,13397.44,0,1,439.59100430000007,452.98368942603423
339,1,9,835.59,0,1,0,44083.19,0,1,580.1261035,555.0562638406881
340,1,2,791.78,1,1,0,27267.91,2,1,882.6201297,878.988630096097
341,3,5,879.29,1,1,0,24582.51,3,0,748.8892047999999,742.2577868676553
342,0,4,1116.41,0,1,1,19658.51,3,0,585.5771093999999,567.6981085896113
343,2,3,698.84,0,0,0,26577.03,1,1,442.226251,515.4794785252858
344,2,5,842.02,0,1,1,36015.54,2,1,837.8105896000001,782.8451844101713
345,2,6,787.1,0,1,1,29109.56,4,0,803.503396,577.2738415543793
346,4,3,720.31,1,0,1,22691.55,2,1,849.2852360999999,831.2905559973505
347,3,5,773.66,1,0,1,35807.59,0,1,770.5384418,758.412131724125
348,2,2,1075.89,0,0,1,16451.71,0,0,357.7844607,291.49545125080436
349,2,4,772.33,0,0,0,31731.94,2,1,531.610463,611.5938092018968
350,2,5,662.58,0,1,1,22932.87,1,1,783.0543301,677.3603922004335
351,1,8,843.47,1,1,1,33015.78,0,1,770.5757587999999,755.6386472121999
352,3,6,551.32,0,1,0,40545.49,1,0,371.23661430000004,374.788743714995
353,1,5,831.82,1,1,1,28563.2,0,0,471.89304730000003,479.29723324674376
354,1,4,870.57,0,1,0,10237.39,1,1,516.0465127,590.5498658655318
355,2,7,786.06,0,1,0,35869.9,2,1,656.3058063999999,701.6746428276665
356,2,9,759.64,1,1,1,19296.1,1,0,635.9161227000001,597.2510393163441
357,2,6,520.46,0,1,0,38685.23,3,1,878.2533167000001,778.6849502000018
358,2,7,811.63,0,1,1,47453.09,2,1,700.2187487000001,773.6335706759729
359,2,5,974.83,1,1,0,18894.52,2,1,976.3125412,885.4220549110023
360,1,5,836.06,1,0,0,24032.65,0,0,253.1077251,399.79657073709967
361,1,5,812.24,1,1,1,19179.15,0,1,795.7161070000001,742.8613525560884
362,1,8,1055.17,1,1,0,15189.3,1,0,540.8191009,549.0238934899364
363,3,11,555.62,0,0,1,52765.1,0,1,481.30823269999996,457.490013265295
364,2,10,1064.73,0,1,1,27339.04,1,0,455.78201629999995,436.3295791797029
365,2,5,771.82,0,1,1,26668.29,2,1,879.250475,784.8964351943322
366,1,6,801.99,0,1,1,22542.9,1,0,325.9106886,424.9813860319231
367,3,6,730.36,0,1,1,19302.3,1,1,744.2576232999999,690.3110336288837
368,2,6,753.22,1,1,0,15696.01,0,1,600.6084664,690.4767902572514
369,1,4,877.23,0,1,1,33337.88,1,1,701.0286772000001,653.0944758872605
370,4,5,762.6,0,0,1,12326.43,0,0,337.6202412,291.32525188340435
371,2,5,778.5,0,1,0,26252.68,2,0,492.88365980000003,480.31594987343516
372,3,7,725.84,0,1,1,18666.0,2,0,497.5142581,540.007624556676
373,2,1,661.54,1,1,1,40260.49,0,1,747.1459665,744.6317746306754
374,2,4,504.24,0,1,0,25193.6,1,0,264.9235721,353.06098843618463
375,2,4,825.94,1,0,1,27846.65,2,0,492.59512710000007,600.6095365711316
376,1,3,634.29,1,1,0,38155.18,0,1,612.9389668,693.9339931044949
377,2,2,736.14,1,1,1,36618.88,0,0,516.7114435,463.9620545448818
378,3,1,851.93,0,0,0,16419.26,1,1,567.0406852000001,519.0986725179364
379,1,7,528.29,1,1,1,34288.53,0,1,763.6057423999999,741.3425030844336
380,2,4,586.48,0,1,1,28153.0,0,1,620.7240903,585.7154598904757
381,0,6,620.29,1,0,0,31055.69,1,1,747.975083,726.6752379976625
382,1,8,957.95,0,1,0,34888.0,2,1,795.4947437999999,717.3569008712022
383,2,5,583.22,1,1,0,19597.04,1,0,609.8191917,534.0455105960518
384,3,7,729.7,1,1,0,29004.38,0,1,668.9365583,694.8226456615592
385,2,10,606.2,1,1,1,31577.13,1,0,540.1462008999999,588.4213723030683
386,3,7,601.03,0,1,1,23941.9,1,1,709.0986932,695.7305879054962
387,1,7,935.01,0,1,1,27243.07,2,0,599.035737,523.9269400724044
388,2,8,652.2,1,0,0,10756.64,3,0,530.3150711000001,609.4287141607235
389,3,4,743.58,0,1,1,17822.06,0,1,503.9412205,570.6892741326193
390,1,6,889.06,0,1,1,-1576.44,1,0,308.8392937,405.0099166798719
391,4,6,681.32,1,1,0,13481.07,1,1,875.3330171,809.1504434614326
392,0,6,949.59,0,0,0,5200.62,3,0,509.1269886,438.808273107904
393,2,7,509.38,0,1,0,46025.99,0,1,654.935881,549.1678604813721
394,2,6,888.47,1,1,0,27854.32,2,0,592.0069616000001,627.777856825555
395,2,9,747.74,0,1,0,21937.54,2,0,372.46239460000004,485.2778291914084
396,2,7,770.67,0,1,0,19771.94,3,1,727.699264,778.6849502000018
397,3,5,634.83,1,1,1,16128.76,3,0,773.7381173,741.4962049620095
398,2,8,605.21,0,0,1,34695.89,2,1,680.9557555,613.1649489553805
399,3,4,695.24,0,1,0,26862.82,0,1,598.5220012999999,527.9546243503406
400,1,2,694.55,0,1,1,8498.6,1,1,749.7065498,648.5223331795565
401,3,5,798.92,1,1,1,20900.09,2,1,844.2098200999999,921.0744569968073
402,1,5,595.7,1,0,0,18885.43,1,1,705.26141,724.2761964479957
403,2,7,957.28,1,1,0,18063.68,0,0,356.9823471,413.5306047625662
404,3,5,845.62,1,0,1,28938.08,1,0,464.26191370000004,489.03635502196795
405,4,8,765.55,0,1,1,17127.48,0,1,664.0208157000001,593.8784744404381
406,2,3,1063.48,0,1,0,20030.28,1,1,658.96488,605.0733340415329
407,1,6,950.08,0,1,1,19782.36,2,0,531.746352,512.0932031896137
408,1,4,733.47,0,1,0,29943.51,2,1,616.2416057999999,701.0178886157171
409,1,5,889.54,0,1,1,8708.73,2,0,388.58191600000004,509.6696251476249
410,2,6,931.66,1,0,1,22386.93,1,0,618.0101314,516.4451108405838
411,1,9,879.67,0,1,0,34346.14,1,0,329.5749611,380.1658688673235
412,1,2,768.1,0,0,0,14810.27,2,1,658.1067631,616.6436703686423
413,3,6,891.78,1,1,0,32648.4,1,0,506.41664239999994,515.4982559296179
414,2,5,742.32,1,1,1,30714.7,1,1,904.6661343000001,839.9083461995173
415,1,1,965.07,0,1,1,25904.59,2,0,396.6605482,505.51210810182334
416,0,6,686.45,1,1,0,46078.72,1,0,645.2169791,544.5061094921807
417,1,5,961.91,1,1,0,27755.02,0,0,462.41417989999997,412.2358185990304
418,2,5,1069.87,1,1,1,25057.67,0,1,748.3173904,754.8156817081851
419,3,8,867.34,1,1,1,28403.65,1,0,541.3948634,603.522970070745
420,3,5,686.58,0,1,0,44804.64,0,0,211.23728419999998,259.12290988247986
421,2,4,1015.45,0,1,0,24516.2,1,1,568.6443874,611.1402114954991
422,1,2,669.69,1,1,1,24973.46,0,0,360.54149680000006,462.2697175500961
423,2,3,626.42,1,1,1,19085.43,0,1,717.4590393,731.3545129909426
424,1,3,1072.0,1,1,1,10174.71,0,1,810.7030552,753.0561357518526
425,2,4,865.04,1,1,1,18391.27,0,1,687.2943681,748.1687478055069
426,1,4,688.98,0,1,1,36571.26,2,1,829.9556872,786.5138211956129
427,1,5,785.52,0,1,1,17110.12,0,1,620.1852372999999,590.3756910165512
428,2,0,797.67,1,1,1,19047.93,2,0,738.1287338999999,676.2626382302628
429,4,4,846.15,0,1,0,35945.14,0,1,483.5747113,541.6185301113925
430,2,4,773.2,0,1,0,34162.2,1,1,683.0314774,601.0992821398552
431,2,9,998.93,0,1,1,34392.57,0,1,567.5890889,603.3226878341812
432,4,5,868.58,0,1,0,6788.84,2,0,385.8379213,456.78306076486615
433,2,7,751.99,0,1,1,13348.51,1,0,356.8761726,400.21804003166653
434,2,2,666.58,1,1,1,27716.53,1,0,530.3579115,588.8385005906771
435,2,5,901.61,1,1,1,30061.2,1,1,920.8554234,836.4434281975306
436,2,4,902.76,0,1,0,14608.19,1,1,589.4088653,595.0460451228074
437,2,2,796.83,0,0,1,13898.86,0,1,596.4693406,471.0362651586896
438,3,5,642.72,0,1,0,25405.56,0,0,177.9914984,245.31428525156167
439,2,4,832.37,0,1,1,6343.89,2,0,529.5110533,517.4102836545532
440,2,5,988.29,1,1,1,41764.78,2,1,1053.388332,919.6030901136521
441,1,6,682.29,1,1,1,23078.73,0,0,498.09542450000004,480.5216345464767
442,2,4,838.84,1,1,1,38464.04,3,1,1022.6022109999999,1027.1341035898001
443,1,5,890.73,0,1,1,30770.24,3,1,805.6731421000001,852.8978451624918
444,2,2,752.77,0,1,1,21188.82,0,0,319.43388030000006,337.60062420683045
445,3,4,748.97,0,0,0,31973.67,2,1,579.2376011,619.7782104006072
446,1,9,572.76,1,1,1,35408.69,3,1,992.3211182,1026.3579548688328
447,2,4,936.44,1,1,0,6757.32,3,1,1002.382506,981.1832548784071
448,2,5,943.71,0,0,0,26873.88,2,0,286.68489980000004,386.30845045828903
449,0,5,868.52,0,1,1,17440.95,0,0,228.95135019999998,351.86015417065136
450,2,4,885.58,0,0,0,34893.47,1,0,286.5175008,297.27767020861023
451,1,3,519.84,0,1,1,20211.03,0,0,313.32582460000003,338.56740291290504
452,2,3,958.46,0,1,1,28827.97,2,1,879.0225319,768.7540245510395
453,1,6,699.62,1,1,1,31778.47,0,1,684.8009986000001,742.0491047557767
454,3,6,709.33,0,1,0,18368.07,0,0,357.99130130000003,267.9576422192598
455,2,1,835.9,0,1,1,24741.96,0,0,348.9191531,347.0153944966803
456,0,5,669.56,0,0,1,29937.32,1,0,417.4897091,398.1219793944656
457,1,7,1090.44,0,0,0,32838.33,1,1,686.8929502999999,557.9515546793665
458,1,8,535.6,1,1,1,30021.33,0,0,583.1157672,485.3893149518532
459,3,7,771.06,1,1,1,19482.65,0,0,475.42730470000004,489.90920327120807
460,2,4,1147.92,0,1,0,17006.08,1,1,592.7914215,613.3157514485056
461,2,7,938.86,1,1,0,16126.88,2,1,952.3731743999999,871.8923866224857
462,2,5,947.73,0,1,0,31293.59,1,0,370.0732256,362.3793691040206
463,3,6,848.71,0,1,0,12959.34,0,1,434.7184162,513.1533697622018
464,3,6,958.96,0,1,0,19078.68,2,1,641.4128171,708.4063513477475
465,2,4,687.94,0,1,1,24203.05,1,0,400.54616239999996,428.8667283162278
466,3,5,811.93,0,1,1,38603.17,0,0,294.09045380000003,355.77758279695064
467,1,3,988.94,0,1,1,15642.66,1,1,586.9327672000001,641.0987467400732
468,2,3,703.79,0,1,0,42236.78,0,1,437.38651380000005,533.1733491956797
469,4,3,534.57,1,1,1,23102.74,2,0,704.0986425,682.9723997917453
470,3,4,878.4,0,1,0,25774.32,1,1,602.1315135,600.5153757720859
471,1,2,795.15,0,1,1,26411.26,1,1,752.286137,642.3543708990031
472,3,6,693.03,1,1,1,28093.23,2,1,934.0777320000001,921.8318547073263
473,2,1,984.8,0,1,0,24249.31,2,1,687.4601267999999,709.6282808813177
474,0,5,591.87,0,1,1,20541.51,1,1,599.3302284,671.4226641926363
475,0,6,803.83,0,1,0,25585.89,2,1,606.2907617000001,685.9704060146734
476,4,5,627.4,1,1,1,23288.42,1,1,738.9335159,804.536473939257
477,4,5,695.95,1,1,1,19703.61,2,1,961.7419174,921.8354186938295
478,0,3,698.83,0,0,0,13817.63,0,0,97.54415048,245.68235602363308
479,2,4,1106.99,0,1,0,10691.95,1,1,587.9219078,611.07291893154
480,1,5,702.04,0,0,0,31462.81,1,1,486.62597689999996,541.87181294857
481,3,6,695.68,0,0,1,24977.27,0,0,175.8872951,291.1263165896981
482,-1,5,806.5,1,1,0,10799.59,0,0,450.2527975,409.25052415529484
483,2,4,1111.85,1,1,1,30600.54,1,1,852.0437297,836.9641698538501
484,1,3,966.98,1,1,0,13996.33,0,0,515.2099622,411.9482960385397
485,3,7,696.91,0,0,1,14380.37,1,0,393.295424,390.65988521152343
486,3,3,720.13,1,0,1,49294.85,2,0,707.5992954,605.5566873248913
487,1,5,793.79,1,1,0,26738.67,1,1,874.3112671,820.0949221569905
488,2,2,830.26,0,1,0,16432.02,1,1,611.4857718,581.9564076578345
489,5,5,1016.56,0,1,0,31100.16,1,1,640.2037452000001,673.9284794430298
490,3,5,775.72,0,1,0,18999.34,3,1,751.7374997000001,778.6849502000018
491,1,2,977.21,1,1,1,20664.1,0,1,666.6387167,744.280197734522
492,3,1,642.96,0,1,1,13626.5,0,1,660.1753471,561.7651401273042
493,2,6,792.67,1,0,0,46841.59,1,1,637.1154677000001,725.8530353219816
494,3,3,723.66,1,1,0,8771.54,2,1,858.9900897,886.593360564529
495,2,5,690.67,1,1,1,39842.83,1,1,871.4528249,839.0997211802173
496,1,5,903.23,1,1,0,20150.28,1,1,765.7981798999999,800.8770274067876
497,3,8,684.81,1,1,0,24404.43,1,0,608.3808917,515.4298130415065
498,2,3,1004.21,0,0,0,13647.46,0,0,166.99374440000003,236.46900379280189
499,0,2,795.29,1,1,0,36365.17,2,0,671.8826055,638.5873751477284
500,3,3,835.89,1,1,1,14067.73,2,0,668.5183784,666.6459277377071
501,3,3,786.47,0,0,0,15641.6,1,1,475.00782639999994,519.0986725179364
502,3,1,714.14,1,1,0,13262.51,0,1,616.8931693,691.1950348461568
503,3,7,699.63,1,1,0,16616.36,2,1,894.7379361,873.5510229442231
504,3,7,1130.5,0,1,0,32998.19,1,0,423.8210781,378.03540302745716
505,1,5,929.73,1,1,1,44518.73,0,0,502.6093068,486.7926829411887
506,1,9,834.03,1,0,1,24583.35,1,1,820.7227302,769.2201241143683
507,2,6,674.74,1,1,0,36430.8,1,0,486.9715659,542.3372182739954
508,2,6,733.45,0,0,1,20701.74,1,1,714.1986266,613.4885039738182
509,0,1,974.21,0,1,1,32363.36,1,0,447.41807520000003,441.94281818736204
510,3,4,941.85,1,1,1,27887.61,2,0,658.3205735,666.2518789883437
511,3,5,732.97,0,1,1,27439.77,1,1,652.8906718999999,677.7624333745204
512,1,4,663.37,0,1,0,19092.23,1,0,393.5284601,362.1667832150147
513,0,4,699.81,0,0,1,22303.66,1,1,688.030491,609.8841603008381
514,2,2,1136.0,1,0,0,22178.75,1,0,550.8021215,500.23871323414517
515,4,4,1041.18,0,1,0,20060.1,0,1,461.538505,532.8126050167125
516,3,5,773.02,0,0,1,31408.38,2,0,378.701623,459.55307465867605
517,3,5,1084.52,1,1,0,1587.7,1,0,456.25687120000003,500.90514757035425
518,1,5,790.71,0,1,1,37050.82,0,0,363.3388403,361.4859740435302
519,4,4,516.43,1,1,0,20372.66,1,0,467.39269210000003,499.2158303696096
520,3,6,1057.52,1,1,0,16420.09,1,0,525.7221986000001,508.87741057982055
521,2,2,760.93,0,1,0,17974.11,1,1,583.4380802000001,581.4051011200249
522,2,8,807.56,1,1,0,22984.61,0,1,710.7783943,694.6883197655759
523,2,3,1034.6,0,1,0,28074.6,0,1,464.5967688,553.6803930984773
524,2,5,861.43,0,0,1,28405.85,0,1,498.61669180000007,468.41055229641614
525,1,5,900.45,1,0,0,15115.43,1,1,701.7641089,722.615993848058
526,0,6,737.19,0,1,1,17451.85,3,1,862.0775315999999,852.8978451624918
527,2,4,854.11,0,1,0,25119.88,1,1,556.3738438999999,595.404917408943
528,1,3,786.13,0,1,0,28819.69,1,1,526.4591714,582.9097527662116
529,2,5,547.37,1,1,1,16397.97,1,0,652.8610003,587.810305213377
530,2,3,752.63,0,1,1,16120.11,2,0,523.8907991000001,519.5479134774488
531,2,4,699.42,0,1,0,24008.13,0,1,472.7264476,530.4034734324474
532,1,4,705.27,0,0,1,32894.0,1,1,655.0841217999999,610.1708828711354
533,2,5,924.54,0,1,0,15145.56,2,0,458.81660159999996,459.7300723161819
534,2,6,862.53,0,1,1,36313.84,1,0,430.6294796,448.7665610825095
535,2,7,687.45,0,1,1,19574.41,0,1,558.7522908,585.2944542215231
536,0,5,928.69,0,1,0,26182.2,0,1,624.6922852999999,553.3276164789127
537,2,8,1018.86,1,1,1,13611.22,2,1,961.6759939,910.0171949001707
538,3,7,786.75,0,1,1,41083.05,1,1,706.6813582999999,701.896755856097
539,1,2,924.05,1,0,1,11499.93,1,0,540.0761456,520.9540142180141
540,3,5,579.46,1,1,0,37876.75,0,1,682.7549371,686.5855109027528
541,3,5,831.08,0,1,0,10099.02,1,0,428.551325,362.14987310231635
542,2,4,717.39,1,1,1,19565.61,1,0,473.20690599999995,592.8533545957436
543,3,4,640.71,1,1,0,41718.43,1,0,572.901644,510.1510205383879
544,4,6,691.92,1,0,1,7902.71,1,1,745.7837480000001,771.2160536676906
545,1,4,893.34,0,0,1,37558.92,1,0,434.3125097,405.4921150293439
546,1,7,904.79,1,1,0,29416.5,0,1,793.6899716,699.2055582245716
547,1,5,699.25,1,1,0,28249.71,2,1,941.2855214,878.4785999785681
548,3,7,643.43,1,1,0,12380.29,0,1,749.1865098,695.0362950121619
549,2,9,1113.99,1,1,0,28093.77,2,0,609.2879406000001,618.8698780504196
550,1,5,735.06,0,1,0,29839.01,0,0,356.9985167,269.12654893348116
551,1,3,808.19,0,1,0,28898.87,0,1,508.92576119999995,541.6871680250554
552,1,4,755.02,0,1,1,34067.78,2,1,696.9320827,780.252235202732
553,0,2,764.65,1,1,0,11027.89,1,1,839.1338896,800.8760871048001
554,1,5,571.11,0,1,1,29918.34,2,0,561.2457488,525.952376336933
555,1,6,986.3,0,1,1,28032.2,0,0,434.88731270000005,388.1196583871585
556,2,5,726.25,1,1,0,29213.75,0,1,791.0802607,686.0493791065892
557,0,9,856.15,0,1,0,26546.13,1,1,555.3269443,650.4897595719272
558,3,8,698.03,0,0,0,28833.16,0,1,539.7390272000001,454.6812820822556
559,1,5,846.64,1,1,1,13971.01,2,1,962.4759403999999,923.1869719613796
560,3,4,679.48,0,1,0,42422.59,2,1,775.7525413,721.2798289227735
561,3,1,767.12,1,1,0,24635.02,1,0,511.1914351,501.55951426785794
562,3,5,650.6,0,1,0,23861.79,0,1,543.0623118,524.2862048286834
563,3,5,758.62,0,1,0,28484.97,1,0,282.0730577,362.3830216408233
564,2,6,849.08,0,1,1,25230.29,2,0,551.5703553,525.315702143505
565,2,4,784.79,0,1,1,25128.15,2,1,709.3422097,766.6581934637692
566,3,6,733.48,0,1,0,22880.75,1,0,289.727488,371.13555414411013
567,4,8,607.15,1,1,1,40047.03,1,1,884.6862448999999,837.8434394039908
568,2,7,652.57,0,1,0,25566.98,1,1,660.2078757,601.5823319568184
569,3,2,695.3,0,1,0,28278.67,0,1,535.0481464,527.1138512217977
570,1,5,874.65,1,1,1,20070.34,1,1,823.5053303,803.7501813596868
571,2,4,717.42,0,0,0,18993.48,2,1,595.2475268999999,620.8964604794976
572,1,4,778.09,0,1,0,31208.61,1,1,684.9239938,601.9871486619876
573,2,7,932.1,0,1,1,24188.14,2,0,499.32996280000003,529.0656651571375
574,1,4,622.28,0,0,0,27825.25,1,0,344.9279635,297.31013306872387
575,2,4,755.57,0,1,1,19598.82,1,1,679.2632007,653.9398214851929
576,1,5,869.58,0,1,1,13976.87,0,1,545.1965299999999,585.0280682721769
577,1,4,630.91,0,0,1,29720.86,0,1,501.45051449999994,461.4811953770666
578,1,5,761.19,1,0,1,31943.79,1,1,869.5514892000001,772.8165871297118
579,1,3,886.07,0,1,1,22982.15,1,0,448.3860326,428.2446752117347
580,3,7,867.73,0,1,0,23413.83,0,0,266.54935750000004,272.8502618490469
581,1,4,883.64,1,1,1,39365.49,1,1,771.8986153,830.611746216155
582,4,5,870.48,0,1,1,38274.33,0,0,401.553697,357.50317520079335
583,2,5,1024.0,1,1,0,23140.23,1,1,798.8415517999999,809.3834494152637
584,2,5,716.73,0,1,1,51.85,1,0,359.9484974,402.72484947335715
585,2,6,578.78,0,1,0,35741.32,2,1,691.2753150000001,702.7517646867154
586,1,5,602.68,0,0,1,18477.49,1,0,364.9896195,395.4764934593116
587,0,6,892.43,1,1,1,21027.82,1,1,727.3685723,802.8080392959797
588,3,5,1064.88,1,1,1,20596.74,0,1,767.093111,767.4585710298944
589,0,4,963.1,1,1,0,20828.59,3,1,986.6975166000001,981.531848542901
590,1,5,824.09,0,1,1,32799.66,0,1,589.5633109,609.1752331041242
591,1,5,1032.83,1,1,1,34453.53,1,1,787.5294336000001,829.5613406655543
592,3,4,675.74,1,1,0,21394.01,1,1,869.2543120999999,796.4249969462512
593,1,3,956.4,1,1,0,13342.48,2,0,506.0592641,597.2423405024365
594,2,9,835.64,0,1,0,19603.28,0,1,488.18860589999997,523.4565298615778
595,1,5,689.15,0,1,1,30570.0,2,1,841.1148197000001,797.1643300256163
596,2,5,875.28,0,1,0,28512.28,2,1,699.8199490000001,702.9732718221426
597,3,2,750.75,0,1,1,17242.08,1,1,592.2714082,644.4772414771013
598,3,6,751.4,0,0,1,21288.94,2,1,805.8326737000001,627.5233922896307
599,2,2,852.38,0,1,0,25600.11,2,0,395.85491119999995,471.47410280588207
600,1,4,677.17,0,0,0,22290.57,2,1,572.6231332,618.5857317596307
601,3,3,1027.08,0,0,0,13333.28,1,0,218.04636380000002,296.8302604450728
602,2,1,967.37,0,1,0,28745.23,2,1,672.1716594999999,711.5162655224939
603,1,4,688.61,1,1,0,4994.76,0,1,763.9650128,695.8724726749113
604,3,6,770.58,0,0,0,11919.18,1,1,618.7553799,554.6940625982264
605,0,3,649.56,1,1,0,24884.65,0,1,653.0106592,691.7814778138354
606,2,4,811.69,0,1,1,39518.02,2,0,499.1541336,525.9325347904804
607,2,4,766.01,1,1,1,16610.41,0,1,729.8771486,743.5726323016389
608,4,6,893.72,0,1,1,24822.96,0,0,376.4520199,377.0163068219884
609,2,5,750.74,0,1,0,29119.48,1,1,566.9710993,626.7114196624847
610,1,5,841.03,1,1,0,28153.11,3,0,799.1545397000001,742.3732372120554
611,2,4,1015.02,0,1,0,37069.58,0,1,554.2658183,551.7443956601546
612,2,8,825.89,1,1,0,31592.5,0,1,754.7292679999999,695.0659659222957
613,2,5,753.92,0,1,1,13236.41,1,1,687.4220662,675.4247014383843
614,0,7,703.67,0,1,1,26051.29,1,1,686.8261898,686.3868042041248
615,3,8,711.82,0,1,1,19788.33,1,1,678.4015618,690.7142743832237
616,4,3,732.57,0,0,1,23679.47,0,1,560.2871201,455.8459562905398
617,3,2,864.51,0,1,1,25012.42,0,1,480.8326846,559.1234480624357
618,3,4,724.01,0,0,0,34647.94,1,1,517.1574095,531.97313784173
619,3,0,747.69,0,1,1,26251.25,2,1,758.3134216,756.0897598911329
620,4,5,757.58,0,1,0,18735.41,3,1,715.2620444,778.6849502000018
621,2,6,669.82,1,1,1,13241.11,1,1,827.0572264,820.8971712461229
622,2,4,511.18,0,0,1,24732.64,0,1,412.96882180000006,461.4811953770666
623,1,5,390.65,1,1,1,21047.34,3,1,984.0387802000001,1019.3780580771011
624,3,6,665.16,1,1,0,19141.79,1,1,738.4249718,791.1421638052697
625,2,7,944.15,0,1,0,49063.95,1,1,610.7776416,668.0644016803818
626,1,3,443.63,0,1,1,20706.53,1,1,715.6422847,647.9299477574344
627,1,2,684.1,1,1,0,28602.42,1,0,504.72780980000005,530.1958964062542
628,2,8,682.47,0,1,0,28083.17,1,1,536.4161256,603.4707161927302
629,3,2,729.58,0,1,1,24148.75,3,1,935.0084535,852.8978451624918
630,2,4,1033.89,0,1,1,33497.88,1,1,733.9495611000001,656.0176025607595
631,1,5,525.89,0,1,0,31088.66,1,0,347.7321872,367.27461877825095
632,-1,8,696.99,0,1,1,13396.89,0,0,322.38177260000003,358.2351482116979
633,3,3,761.02,0,0,1,35086.09,1,1,520.6575629,585.7810871448564
634,2,7,746.7,0,1,0,16581.48,0,0,300.4335454,254.84274373024695
635,1,6,694.81,0,1,1,31686.0,2,0,566.6484087,530.1087685729475
636,2,6,761.41,1,0,1,34722.1,1,0,417.96456820000003,499.9372395245432
637,3,0,724.04,1,1,0,30385.25,1,1,804.8891237,818.0441088910458
638,4,5,545.39,1,1,0,20700.19,0,0,353.2666057,407.70438547143254
639,4,6,835.63,0,1,0,11469.2,2,1,718.2225636,702.5421999585623
640,1,2,1004.55,0,1,1,18973.76,1,0,361.31388230000005,414.64499388376976
641,3,3,776.97,0,0,1,27194.27,2,1,593.6745546,615.5305887279645
642,4,9,770.0,0,1,1,26072.34,0,1,621.9227847,599.7431066471647
643,1,4,834.24,0,1,1,31470.86,1,1,775.9264744,651.8310841545282
644,0,5,543.82,0,1,0,21678.79,2,0,475.86955020000005,483.9216923296169
645,2,4,863.94,0,1,1,28760.84,3,1,922.5504972000001,852.8978451624918
646,1,9,1040.6,0,1,1,27620.24,0,0,446.45579000000004,389.5143976469462
647,2,4,989.18,0,0,1,12491.63,0,1,605.2095038,470.34870167518113
648,3,5,615.59,1,0,1,27163.95,1,0,504.4878011,491.5090701995635
649,1,4,706.03,1,1,0,24016.9,2,0,630.1971374,635.7840126634111
650,3,8,867.52,1,1,1,20593.2,0,0,583.7230559,502.179658387876
651,4,4,724.42,1,1,1,29061.4,1,1,869.8259693,831.0767293361159
652,3,6,771.15,0,1,0,13999.58,2,0,362.149647,471.26470798905734
653,1,2,883.09,1,1,1,21622.9,1,1,842.9632050000001,801.7951182340797
654,2,6,874.2,0,0,0,36903.03,1,0,396.89995519999997,297.413398766142
655,2,7,889.54,1,1,0,41049.77,0,0,416.7785561,421.79489708358216
656,1,3,644.34,0,1,0,29411.13,1,0,349.3330573,364.4422209368888
657,3,6,723.02,0,0,1,25843.01,0,0,244.0172693,290.55606140342866
658,3,-1,673.71,0,1,1,30987.64,0,1,510.6912092,567.753255970756
659,3,7,832.49,0,1,0,10054.41,1,0,366.9861294,377.9813452173063
660,1,6,896.52,1,1,1,10853.42,0,1,768.9255618,754.2450979076975
661,3,1,773.71,0,0,1,16025.37,0,1,405.28610679999997,458.2003790025755
662,2,2,872.1,0,1,1,14693.76,2,1,695.5033362,746.1208563015247
663,4,4,751.46,0,1,0,29637.91,2,1,720.9022472,715.9031758642542
664,3,3,1118.29,0,1,0,5037.37,1,1,606.0078796,607.6417774831789
665,3,3,1007.11,1,1,0,16240.07,1,1,779.3499658,796.0804573405845
666,2,4,680.77,0,1,0,33587.08,1,1,519.901034,587.5071295114304
667,1,7,804.29,0,1,0,33096.67,1,1,720.5930272999999,649.3081281386371
668,2,9,996.07,1,1,0,23587.13,3,0,744.9913096,741.5197228827197
669,2,2,767.13,1,1,1,25828.96,1,0,552.0702557999999,597.9889135227443
670,3,5,1189.12,0,1,0,23070.28,0,1,473.8204534,547.4377095733386
671,3,8,998.26,0,1,0,13845.18,1,1,717.6134248,666.735247059403
672,2,4,890.88,1,1,0,42381.17,1,0,490.8506047,530.8714519324434
673,2,3,541.84,0,1,0,1220.02,2,1,748.3442502,693.640086265401
674,2,4,871.99,0,0,1,34261.62,1,0,397.3597228,403.2955628433046
675,1,6,537.8,1,0,1,14009.7,4,1,1083.726891,946.2582266037925
676,1,5,813.13,0,1,0,21015.26,2,1,640.9150403,687.7243683719752
677,2,7,842.86,0,1,1,19564.25,1,1,602.1022346,674.2022567271302
678,2,3,971.81,1,1,1,34339.53,3,0,821.8827094999999,741.7765706047993
679,0,3,872.07,0,1,0,27389.26,2,1,641.3209105000001,701.6147848498566
680,1,6,769.82,0,1,0,32041.19,0,1,557.4036778,545.096061502298
681,3,8,640.76,1,1,0,18882.26,0,1,748.3323293,695.0362950121619
682,1,6,1129.49,0,1,0,25438.6,3,1,862.0787587000001,778.6849502000018
683,1,6,523.18,0,1,1,13750.91,0,1,474.00168319999995,582.4462926151665
684,2,5,842.97,0,1,0,16908.09,3,1,806.4929142999999,778.6849502000018
685,1,4,605.37,0,0,0,20308.74,1,0,343.13048480000003,297.0839748707864
686,1,6,889.07,0,1,0,17023.78,0,0,307.23228439999997,267.082553179477
687,2,7,1002.39,1,1,1,24347.73,2,1,930.4058197,914.7719928669569
688,3,10,875.56,0,0,1,24743.19,1,1,682.6718095,614.3480324512684
689,2,5,633.56,1,1,1,28722.73,0,0,553.7611717999999,458.70111311061584
690,1,7,691.1,1,1,0,25467.6,1,1,855.5163867999999,810.0814247999422
691,2,5,806.86,0,1,0,25091.68,3,1,800.4168675,778.6849502000018
692,1,5,853.32,1,1,1,42468.81,2,1,969.2387888000001,931.9265764608758
693,2,2,700.66,0,1,0,20510.12,0,1,553.7077885,519.7881825671501
694,2,4,984.69,0,0,0,37668.45,0,1,392.8620063,462.2448395870994
695,3,6,679.75,1,0,0,14771.53,3,1,887.116791,895.9420809392129
696,1,6,865.22,1,1,1,15528.65,0,0,584.4865907999999,496.924512615433
697,1,4,840.52,0,0,0,41247.78,2,1,642.7807313999999,610.6465522267634
698,1,4,613.78,0,1,0,27295.77,2,1,637.6792316000001,690.4588948294114
699,3,3,905.05,1,0,1,45935.96,1,1,786.9905334,768.3734089455336
700,2,7,1047.0,0,1,1,3359.25,0,1,563.1202692,574.4030721783739
701,1,2,1091.52,0,0,0,38467.38,2,1,599.9171244,608.3151215327628
702,1,6,558.97,0,1,1,26922.51,2,1,867.2113867999999,791.3787818660084
703,1,6,1119.47,0,1,1,16472.94,1,1,719.1523913,683.4783624803847
704,0,2,573.02,0,1,0,26570.86,1,1,541.1080977000001,574.062847911282
705,0,4,1109.07,0,1,0,27082.45,2,1,779.8866628,718.8453201557179
706,1,6,849.33,0,0,1,21189.48,3,0,487.251743,539.7463110044428
707,2,6,799.96,1,1,1,32253.73,1,1,805.9709803,839.5413865699335
708,3,5,777.46,1,1,0,20678.7,1,0,452.21717639999997,497.80600653229124
709,2,2,984.38,0,1,0,30375.05,2,0,505.78587239999996,481.7678914941005
710,2,4,888.96,0,1,0,22313.49,0,1,635.0349123999999,546.3661695832549
711,1,6,847.09,0,1,1,30523.26,2,0,526.1979671,525.503390218286
712,3,7,579.13,0,1,1,18816.96,2,0,587.9931666,539.8316612640037
713,2,4,768.52,1,0,0,12245.13,0,1,594.5649672000001,625.9817283942081
714,1,5,862.96,0,1,1,30335.85,0,0,235.08788859999999,364.2054339791801
715,2,5,648.93,0,1,0,25351.52,1,1,732.5346668,616.4361387081607
716,3,5,894.94,0,1,1,44634.72,0,1,636.1297172999999,600.9327810988234
717,2,5,961.45,1,1,0,13474.32,0,0,427.6573919,409.9979012923831
718,3,6,877.3,1,1,0,21952.31,2,1,810.6254767999999,886.5974515382052
719,2,1,834.1,0,1,0,20873.18,0,1,428.8262919,525.707058222882
720,1,5,680.21,0,1,0,30484.49,0,1,495.1803516,530.2055794128734
721,3,6,785.44,1,1,0,33992.03,0,0,510.18759339999997,420.421979078395
722,3,6,844.47,0,1,0,18796.71,0,1,450.43694180000006,515.4373059496534
723,0,5,715.93,0,1,1,20897.96,1,1,647.9434861000001,669.3966132709762
724,3,1,741.72,0,0,0,30486.35,3,0,540.5141363,438.44853527625526
725,1,6,1056.3,0,1,0,33057.16,2,1,650.9976783,714.8153748720156
726,2,2,775.24,1,0,0,34972.12,1,1,635.2988026,722.2201323875337
727,3,6,681.24,0,1,1,16854.39,1,0,387.59382650000003,404.8898287783306
728,3,7,944.98,1,1,1,23591.03,1,1,805.4482994,813.6796276653326
729,2,4,1128.0,0,1,1,37439.39,1,1,644.1445341,657.6786449068354
730,2,6,809.14,0,1,0,11989.09,1,1,574.6268913,620.4877008833519
731,2,7,847.06,1,1,0,31317.85,1,0,645.1817179999999,550.6462332654879
732,2,2,924.05,1,0,0,37.78,0,1,669.4731767999999,625.677354542226
733,0,4,638.7,0,0,1,22741.98,1,1,606.5647402000001,605.8904482652923
734,3,3,677.62,1,1,0,16189.31,2,0,702.7783759,644.3478204332706
735,1,6,789.43,0,1,1,45243.6,0,1,693.8246471,611.0717055741309
736,1,6,1113.17,0,1,0,22116.9,2,0,404.0829903,484.86335606414855
737,2,2,745.55,0,0,1,14794.44,0,1,408.83529280000005,470.3636978753067
738,3,4,485.29,1,0,0,25695.76,1,0,446.91259019999995,474.88061428521905
739,2,6,968.84,0,1,1,9788.09,1,1,768.370068,682.1472851338968
740,1,6,866.08,1,1,0,12959.37,1,1,781.5239132999999,809.7043151928025
741,3,10,496.23,0,1,0,15633.05,1,0,455.04924040000003,376.9559955557309
742,1,8,666.17,0,1,1,50110.52,2,1,742.3798151000001,787.124004127205
743,2,5,503.2,1,1,0,21514.42,2,1,902.6304640000001,875.9136621109694
744,1,2,845.99,0,1,0,18394.7,0,1,571.0398786000001,519.689328769697
745,2,6,756.78,1,0,0,25382.09,0,0,323.95767789999996,399.4181822104694
746,2,4,693.64,1,1,0,22786.52,1,1,821.4638294,800.245676689708
747,3,6,1005.53,1,1,0,28894.24,3,1,917.2148836000001,980.9660642284091
748,3,4,882.3,1,1,1,22055.03,0,1,825.7049777000001,773.0195583539638
749,2,3,876.92,0,1,0,35764.37,1,1,581.4853803999999,587.7013613833942
750,1,6,701.75,0,1,0,17440.23,0,0,289.23763280000003,265.7319038357859
751,3,4,784.66,1,1,0,22990.62,1,0,413.45319720000003,496.7477661884243
752,2,3,808.05,0,1,1,11855.19,0,1,503.4281079,556.4575458704537
753,2,3,653.71,1,1,0,32657.08,0,0,486.0989181,417.71053820189076
754,3,1,593.11,1,0,0,36125.38,0,0,412.18319049999997,415.09870692109587
755,2,6,503.58,0,1,0,25547.56,3,0,509.1694236000001,504.5439757451839
756,3,10,885.17,1,1,0,40972.21,1,0,505.91843719999997,521.2932079202135
757,2,4,724.91,0,0,1,15450.67,0,1,532.1316101,469.65803022783984
758,3,6,510.57,0,1,1,25751.31,2,0,545.4339181,529.9363786352292
759,1,4,739.46,1,1,0,37974.81,3,0,785.6461325,742.6531409778686
760,2,5,659.68,0,0,1,27161.28,1,1,587.5861556,600.4279540213721
761,0,4,591.84,0,1,0,26173.34,1,0,305.36883,358.5307191489262
762,4,7,877.12,0,1,0,38695.89,1,0,342.700941,378.4544703098941
763,3,4,854.5,0,1,1,-1177.42,2,1,694.5358411000001,754.9444963287493
764,2,6,824.3,0,1,0,33636.63,1,1,692.4349936000001,642.9231198265367
765,2,6,862.32,1,0,0,36173.24,1,1,765.0175452000001,726.0159722097746
766,0,7,775.05,1,0,1,19339.03,1,0,594.2070431,511.306309249195
767,3,5,717.65,1,1,0,35729.31,0,0,416.2992859,416.92432083926246
768,1,-1,803.67,0,1,1,25087.46,0,1,484.60151399999995,558.4709440433909
769,4,3,812.58,0,1,1,28523.47,0,1,523.1900482,571.2629105964461
770,2,1,1010.53,1,0,0,22346.64,2,0,567.0330186000001,582.540098140239
771,2,6,657.46,0,0,0,40556.07,3,1,725.7340411,705.7485550076312
772,4,4,813.22,0,1,1,17441.35,0,1,535.8048140999999,571.2627321635952
773,2,4,749.95,0,1,0,48985.24,2,0,474.3424201,485.4908922789938
774,1,7,867.51,0,1,0,34397.74,1,1,654.6911119,658.4510236116851
775,3,4,603.76,0,0,1,27143.19,0,1,437.6546558,452.33781550834436
776,2,4,780.69,1,1,0,13472.99,2,1,921.675717,876.8458986057781
777,1,7,889.51,0,1,1,42581.85,2,1,771.331685,772.8702532482835
778,4,6,956.65,1,0,1,22290.71,1,1,713.9166273,766.2632058526939
779,3,3,767.03,0,1,1,13983.43,0,1,670.8911292,568.5957467220924
780,3,6,844.71,1,1,1,31825.02,1,1,818.0911026,835.2922065436201
781,1,5,1047.23,0,1,0,22144.56,0,1,508.1793159,541.6167189395633
782,2,6,665.98,0,0,0,20282.97,0,1,452.3685386,463.85810636168554
783,2,8,761.85,0,1,1,7716.81,3,1,800.3552675,852.8978451624918
784,2,4,923.94,0,1,0,35159.91,2,0,488.4036544,488.22941922919995
785,3,6,832.32,1,1,1,18419.07,0,0,475.02734560000005,495.2000007999149
786,3,8,946.75,0,1,0,15911.63,1,1,729.5291272999999,663.0123778254632
787,4,6,838.62,0,1,0,31661.56,0,0,267.7779516,278.0996008609062
788,3,4,895.81,0,1,0,21977.73,2,1,796.9563827000001,716.262332718628
789,4,4,996.57,0,0,0,26294.83,0,1,376.6231262,450.7254187410771
790,4,5,657.8,1,0,1,27780.65,1,0,489.33650769999997,490.4614261112219
791,2,9,990.99,1,1,0,22734.82,2,0,690.3913356,616.723918271432
792,2,4,599.81,0,0,0,13762.18,1,0,264.2898436,297.08501026382726
793,0,8,811.26,0,1,0,20312.57,1,1,741.8148937000001,647.4290165260644
794,1,3,991.18,1,1,0,6049.17,0,0,458.24304900000004,411.83277857191746
795,2,10,858.17,1,0,0,13232.88,1,0,438.8596761,489.32147743327863
796,1,9,873.78,0,0,0,12998.57,0,0,262.134934,266.7624051712262
797,3,5,801.2,0,0,1,37571.74,0,0,345.5484398,290.2434290701382
798,2,5,802.11,0,1,0,10244.49,2,1,712.4547407,692.4492661988221
799,1,4,663.42,1,0,1,51774.67,2,1,894.5040945000001,833.0994116046365
800,2,6,748.92,0,0,1,16826.39,1,1,624.7858461,610.5445702482091
801,2,4,759.56,0,1,1,17279.51,1,1,668.4312012999999,653.9643529265254
802,2,5,975.06,0,1,1,14725.77,0,0,411.21900519999997,364.7423122747576
803,0,10,659.02,0,0,0,9712.83,0,1,408.76028310000004,464.8159488004216
804,3,5,802.68,0,0,0,27474.05,1,1,490.6354472,547.6554774903085
805,2,5,641.03,0,1,0,24266.75,0,1,503.5726532,527.7114664481047
806,3,5,901.75,1,0,0,33231.86,1,0,509.71946720000005,476.55404255717735
807,4,5,599.01,0,0,0,28939.04,2,0,432.1356836,386.5632002770435
808,1,3,878.66,0,1,0,36984.67,0,0,273.14602010000004,274.57711847288084
809,0,7,937.42,1,0,1,17018.37,0,1,706.5868972999999,729.6994816766495
810,3,7,669.21,0,0,0,7597.14,2,1,720.9411431,627.4550404650995
811,2,1,901.34,0,1,0,39718.99,1,0,303.23986569999994,366.4820977965303
812,2,6,828.78,0,1,0,16265.12,1,1,613.4348304,626.987788271581
813,1,2,972.73,1,0,1,28861.85,0,1,680.8111229,742.6679990923045
814,2,3,693.11,0,1,0,25254.15,2,0,481.9605295,477.12200563321056
815,2,6,881.52,0,1,1,20805.04,1,1,621.9581262,674.2124379483766
816,1,4,747.96,0,0,0,32192.83,1,0,209.15750559999998,297.53138463432384
817,1,5,781.8,1,1,0,5681.86,0,0,329.75165939999994,409.37982870723107
818,1,4,897.21,0,0,0,32319.97,2,1,550.9329231,610.6465522267634
819,1,4,926.78,0,1,1,33504.17,0,1,616.5942507999999,601.6985417776812
820,3,3,901.47,1,1,1,19740.48,1,1,720.7078792000001,798.9090943842939
821,2,5,838.58,0,1,1,25174.6,0,1,643.2787613,591.7000496069295
822,2,7,801.08,0,1,0,25772.23,3,1,739.2765584,778.6849502000018
823,4,3,770.08,0,1,0,22386.58,2,1,714.0825767000001,705.3980174368324
824,1,7,744.79,1,0,1,21717.13,2,1,740.654246,831.151813019109
825,5,6,862.18,1,1,1,42080.48,0,1,873.3151082,781.6942432287284
826,2,1,594.97,0,0,0,19945.75,1,1,432.05649680000005,514.1080251276361
827,2,6,581.92,1,1,1,31671.12,0,1,701.5860156,738.8548116551611
828,3,5,828.86,0,1,1,32097.76,0,0,429.85873080000005,357.8727854980622
829,1,4,664.27,0,1,0,37591.87,2,1,760.3848419,708.0791732398237
830,3,5,980.25,0,1,1,9111.69,2,0,442.2453194,511.81582593303034
831,3,3,733.35,1,1,0,23763.85,0,1,714.2249699,687.7997631931486
832,1,4,793.23,0,0,0,32791.1,0,0,152.8064994,272.7354459691991
833,2,-1,594.82,0,1,0,34875.33,1,1,558.6983552,574.5676040719482
834,3,6,882.81,0,1,0,13983.82,1,1,559.1317316000001,635.8288829540593
835,1,5,993.6,0,1,0,18839.05,0,1,491.2677888,524.5357973409857
836,4,0,856.25,1,0,0,24394.06,2,1,708.0228553,808.5600751871211
837,3,8,947.1,1,1,0,33000.41,1,0,525.4912471,520.5209564072396
838,1,5,755.23,0,1,0,27605.69,1,0,442.61479019999996,368.77482691656144
839,1,4,952.53,0,1,1,21533.11,1,1,600.6304807999999,645.2580359543871
840,0,3,906.35,0,1,0,13662.8,2,0,451.42383509999996,461.37416792242135
841,2,2,516.37,0,1,0,20040.11,2,0,530.8667088999999,477.5805394222236
842,4,3,906.07,1,1,0,31143.81,0,0,350.68890980000003,415.9758095598539
843,1,2,828.02,0,1,1,32351.24,0,1,567.7590954,574.7711862121535
844,2,2,1000.18,0,1,1,19160.32,2,1,831.5319977,749.0257718303749
845,3,1,940.05,0,1,1,24975.39,2,0,588.2533207,511.68389568457314
846,3,3,802.81,0,0,0,25520.17,2,1,541.0411806,615.8882826335644
847,3,0,1175.71,1,1,1,40163.85,0,1,850.6174256,781.6090194043458
848,3,3,918.63,0,1,1,16998.43,3,0,516.1371736000001,568.1260482321532
849,1,5,587.69,0,1,0,20956.92,1,0,361.03017420000003,362.4325607155173
850,2,4,949.02,1,1,1,15645.13,2,1,908.4111717000001,910.7953702421732
851,3,5,912.62,1,1,0,19487.56,2,1,948.1244137,900.8944644045607
852,1,5,567.83,1,1,0,34357.78,1,0,416.0863173,533.0305329339918
853,3,5,852.77,1,0,0,42164.38,1,0,428.5338743,468.1814680259579
854,3,5,808.27,0,1,1,42973.79,3,1,872.3510953,852.8978451624918
855,2,5,630.08,1,1,0,22784.23,0,1,609.2283984000001,684.416812505378
856,2,5,1113.18,0,1,1,27659.79,3,0,601.3236612000001,571.0078689149767
857,3,5,785.79,1,1,1,33916.8,0,1,691.4960226,771.8964256308408
858,1,2,854.04,1,1,1,8560.56,0,0,387.2025774,471.1682069634899
859,1,5,667.43,0,1,0,16639.28,1,1,651.8485741000001,613.9909560687943
860,0,7,478.33,0,1,1,19062.14,0,1,502.3623706,589.165809031145
861,2,5,701.43,1,1,1,12857.82,0,0,366.9756201,451.5031717044238
862,2,5,1000.44,0,1,0,28649.43,1,0,285.7052733,358.82416889637796
863,3,4,887.57,0,1,0,23856.6,0,1,601.7798412000001,551.0427480699033
864,2,6,637.27,0,0,0,28094.45,0,1,485.9354521000001,462.3748871106005
865,3,4,733.62,0,1,1,30381.49,2,1,749.1383063,772.6468637348559
866,3,5,761.19,0,0,1,33356.46,2,0,537.5937521000001,460.11613061798613
867,2,7,840.13,0,1,1,35397.42,2,1,761.2642415,773.5967255036905
868,2,5,739.0,1,0,1,23731.51,0,0,368.26102230000004,448.81215243129895
869,2,6,488.35,0,0,1,12436.41,1,1,580.2561579,602.383936178158
870,0,3,1024.82,0,1,1,28876.67,1,1,613.7702422,641.1157638261615
871,2,6,965.2,0,1,0,33363.39,1,1,745.8097632,669.2059593789697
872,0,5,968.65,1,1,1,47904.37,3,1,1094.762145,1026.8568548085482
873,3,6,838.25,0,1,1,22592.39,0,1,651.2505702999999,593.6625050134077
874,1,3,610.17,0,1,0,28660.04,1,1,529.752567,573.194397707106
875,3,7,532.29,0,1,1,20281.78,0,0,339.46617280000004,364.53780493699117
876,1,6,984.05,1,0,1,9627.81,1,0,565.4874221,520.0021426447295
877,3,4,873.78,0,1,1,5565.5,0,0,299.99223670000003,339.8897563590439
878,2,4,777.78,0,1,0,25425.08,2,1,679.6670644,700.6656496923355
879,2,6,705.26,1,1,0,22377.23,2,1,804.4602565,861.2992180308981
880,3,3,647.53,0,1,1,33074.14,3,0,527.2751089,571.5373046716172
881,2,3,952.8,0,1,1,39609.7,2,1,856.2314301000001,769.3664805021122
882,1,6,622.23,1,1,0,27623.69,0,1,680.8628705,691.4936347909597
883,1,7,970.66,0,1,1,26338.22,3,1,802.164383,852.8978451624918
884,0,6,918.08,0,1,0,19449.26,0,0,225.8297233,272.6472306880247
885,1,1,808.88,1,0,0,19741.17,2,1,813.7427877,808.1369879160956
886,2,4,755.45,0,0,1,31312.08,2,0,531.6564844,461.2574861913049
887,2,8,626.27,0,1,0,4577.68,3,0,533.2605305,499.5885344738909
888,2,5,563.0,0,0,0,34857.7,1,1,501.5592067,541.2649132689493
889,0,6,817.24,1,1,0,23889.94,2,1,913.1323358,869.3751707983632
890,1,6,896.96,0,1,1,11184.97,1,1,708.0589312000001,686.5214538596405
891,3,7,874.27,0,1,0,31211.12,0,1,642.4982494,559.3577522864407
892,2,6,1034.24,1,1,1,7775.47,1,1,823.7567113,822.4820903601632
893,1,5,898.03,1,1,0,11325.19,3,1,1030.525958,981.0346513255404
894,1,6,880.51,1,1,1,32511.01,2,1,987.8537637000001,929.4889596158423
895,1,4,905.65,0,1,0,56355.95,2,0,576.9982862,489.1776359209848
896,3,5,646.24,1,1,1,19332.0,3,0,849.4272911,742.3133835212503
897,3,7,673.25,0,0,0,20910.94,2,1,619.8681172,627.4550404650995
898,1,6,702.43,1,0,0,24957.63,2,1,874.6551407,814.2541191135009
899,2,5,778.53,0,1,0,28011.26,0,1,471.6859469,541.8198423101403
900,3,2,603.58,0,1,0,28243.32,0,0,224.5919176,245.18313389415118
901,3,1,1077.31,0,1,1,8382.92,1,1,649.7085257,645.0666733740109
902,0,5,868.31,1,0,0,31608.86,0,0,271.69139889999997,408.88047928338636
903,2,9,746.65,0,1,1,23299.5,2,1,820.8426312999999,770.0859317294718
904,0,6,925.72,0,1,0,30721.85,0,0,348.1411043,283.1808435352644
905,2,9,674.48,1,1,1,27319.21,2,1,905.8731672,921.0140803876169
906,2,6,905.64,1,1,0,28407.03,0,1,641.2404715,687.5950163097837
907,0,5,999.06,0,1,0,30210.45,1,1,732.9088264,671.0702003107607
908,3,4,854.33,0,1,0,18918.92,3,1,787.4450969,778.6849502000018
909,2,5,813.5,0,1,0,33164.3,1,1,596.5393002999999,645.718331849195
910,3,4,505.88,0,0,1,24826.06,3,0,620.8044324,540.0363111585996
911,2,4,761.86,0,1,1,7353.41,0,0,364.9502191,337.39621253278875
912,2,2,767.74,1,1,0,17477.31,3,0,716.031236,740.37258516453
913,2,1,752.08,1,1,0,30477.09,1,0,546.5076831,530.879805359213
914,2,7,1025.06,1,0,1,17823.67,1,0,609.1034722,517.4432780150378
915,3,6,753.75,1,1,1,11728.32,4,1,1102.994109,1021.9178146467736
916,1,5,861.68,1,1,0,35897.48,1,0,544.2242352000001,535.8434249566324
917,1,3,811.09,0,1,1,36398.05,1,0,522.8355157,443.8438484522165
918,2,6,901.94,1,1,1,33624.6,2,0,688.1587973999999,667.378378182288
919,2,9,983.6,1,1,0,26546.3,2,0,598.14145,618.8698780504196
920,0,7,926.45,1,0,1,27785.45,2,1,774.0506127,826.5391993137814
921,2,3,513.97,1,0,0,24447.93,2,0,482.3048555,583.6161560346886
922,2,6,742.55,1,1,1,25114.88,1,0,599.9276294,594.9439981805438
923,3,6,767.65,0,1,0,35282.36,2,0,524.3016383,494.55879836977516
924,3,5,711.94,0,1,0,18470.96,1,1,716.9022033,626.3582878291548
925,3,6,847.1,1,1,0,32952.39,0,1,693.158645,687.9075362461563
926,3,5,698.63,0,1,1,26337.36,1,1,731.2069996,678.5828305349635
927,4,4,729.31,0,1,1,10395.27,0,0,305.99956910000003,333.99725519707135
928,1,5,1023.66,0,1,0,12826.64,1,1,721.5493629,654.9911058891391
929,1,3,802.89,1,1,0,21307.33,1,1,765.879138,795.0905217844545
930,1,8,841.62,1,1,0,23764.01,2,0,603.7833777000001,624.9085538101591
931,2,5,879.25,0,0,1,12596.85,0,0,272.79138789999996,291.07843815694514
932,2,5,367.73,0,0,0,14814.95,0,0,87.8518497,218.1149421243968
933,2,3,457.71,0,1,0,10398.38,2,0,456.7958156,466.84440731807064
934,3,4,1025.59,0,1,1,41559.87,0,0,272.57417319999996,353.89524502891635
935,2,2,639.22,0,1,0,29826.67,1,1,560.0940142000001,572.5198419080082
936,3,5,912.02,1,1,0,33736.56,0,0,353.0244501,418.16220504962706
937,3,6,1112.99,0,1,1,15430.48,0,0,446.559878,376.6270216001525
938,0,10,1019.64,0,1,0,6031.98,2,1,819.6897325,708.1210909837065
939,2,0,708.78,0,1,1,24223.22,2,1,693.0780987,752.5451152764591
940,2,4,841.29,1,1,0,6165.27,2,0,546.7350102999999,618.8328247664896
941,2,4,758.89,1,1,0,12919.84,1,0,576.2154416000001,530.9599152719333
942,1,5,668.13,1,1,0,15481.44,1,1,658.3791722999999,785.6120073263413
943,4,5,470.52,0,1,0,22726.77,2,1,671.1305381,700.3918690732695
944,2,4,953.72,0,1,0,27690.35,1,1,555.6780785,606.0858721603389
945,3,0,772.57,1,1,1,12317.68,0,1,816.3237989,767.8079779226397
946,2,6,780.34,0,1,1,41016.55,1,0,411.9113289,446.94884554320845
947,3,8,1024.32,0,1,0,29350.88,2,1,760.0749706,710.5238607652542
948,1,4,1025.35,1,1,1,12059.17,1,0,675.4361882000001,603.522970070745
949,0,5,795.34,1,1,0,22724.75,2,0,678.2539839,637.1945973725861
950,2,5,945.22,1,1,1,13217.15,2,1,815.1687753,910.597545147347
951,1,4,912.46,1,1,0,26579.64,2,1,976.1715232,888.232225061977
952,2,7,697.37,0,1,1,18812.34,1,1,634.8459632,675.9767418821909
953,2,8,983.43,0,0,1,22657.68,4,0,529.1219825000001,539.1278983032419
954,2,2,819.78,1,1,0,21991.53,0,1,636.8844293,688.2413842053907
955,2,5,678.51,0,1,1,14150.45,1,0,395.4033332,404.6566872304788
956,2,3,527.7,0,1,0,43204.74,1,1,575.0037374,574.9618549472767
957,2,9,863.06,1,1,1,22622.14,1,1,812.9828301,820.0571145312049
958,3,5,692.49,1,1,1,39477.18,1,0,690.1026345,590.0996246545348
959,2,5,670.01,1,1,1,36959.48,1,0,539.030565,588.4213723030683
960,3,7,710.0,1,1,1,19662.06,0,0,547.8579187999999,484.0141175096233
961,2,5,954.01,0,0,1,27990.39,0,0,270.2592943,289.9344245591162
962,2,6,631.54,0,1,1,32046.17,2,1,821.5718157000001,779.9695232364892
963,2,6,783.75,1,1,1,8970.35,0,1,768.0457556,753.0499798608186
964,0,7,602.31,0,0,1,9072.79,1,0,418.44432989999996,394.09565750743985
965,3,0,1060.11,0,1,1,33817.84,1,1,656.168438,648.0958670396635
966,2,2,762.18,1,1,0,35141.26,2,1,786.3179031000001,877.3241789144778
967,3,8,824.74,1,1,1,23400.22,1,0,682.4282341,603.522970070745
968,3,4,615.35,0,1,0,33954.6,2,1,725.9703135,717.842464074169
969,2,6,996.64,0,0,0,21220.11,0,1,495.153671,468.30512442697074
970,2,3,903.62,1,1,1,38243.86,0,1,793.3423112,764.2156606221267
971,2,5,686.9,1,1,0,29489.46,2,1,937.6211463,878.4033082421457
972,2,4,976.34,0,0,0,3507.86,1,1,477.76147879999996,534.8817657037262
973,2,7,729.12,0,1,0,29066.2,0,1,655.2151632,555.8608124456255
974,3,3,829.61,0,1,0,29728.82,1,1,568.0921031,587.230800712482
975,1,8,909.63,1,1,1,10084.09,1,1,853.4426696,827.3741476978314
976,2,8,748.83,0,0,0,12819.36,2,0,329.45532460000004,386.337042079106
977,2,2,1025.77,0,1,1,24293.56,2,0,476.6830107,510.99150391082577
978,4,7,1049.08,1,1,0,33978.15,0,1,796.1320637,695.690581854617
979,2,7,818.59,1,0,0,32710.94,0,1,542.1299240000001,629.8075804834865
980,1,7,998.02,1,1,0,11903.62,2,1,814.3627199,871.3528065983159
981,0,5,787.6,0,1,0,26472.36,2,1,659.0702207,688.1658219551281
982,3,4,671.4,0,1,1,30461.42,0,0,313.4620194,345.47940469797015
983,2,4,925.83,0,1,0,36063.58,2,0,474.69522989999996,488.2084169921166
984,2,4,721.09,0,1,0,37586.7,1,0,478.10379580000006,372.79756342148755
985,3,5,621.65,0,1,0,36867.11,1,1,688.1521362999999,619.6480038111273
986,3,5,904.32,0,1,1,22728.0,1,0,538.103211,435.65189082749276
987,2,3,734.66,0,1,0,15053.63,1,1,517.9757247,576.0305456265008
988,1,5,652.64,1,1,1,35364.15,1,1,784.2329099,824.511663880172
989,3,4,944.11,1,1,0,33446.94,1,1,898.5794256000001,831.6518021340896
990,1,6,678.34,0,0,1,39175.03,0,1,615.4819558999999,467.5652327093664
991,2,7,666.42,0,1,1,13412.74,0,0,332.5594177,359.3515534019588
992,1,4,602.24,1,1,0,43077.89,1,1,721.6156407000001,809.7832759678032
993,3,4,872.51,0,1,1,13887.45,0,1,495.8442857,566.9965632648463
994,2,6,816.3,0,1,1,39795.94,1,0,528.4521069,448.07084782326586
995,3,0,991.31,0,1,0,12687.26,1,1,655.8701112000001,604.0846368611052
996,2,5,847.97,0,1,0,39502.92,0,0,354.4726932,258.777971078813
997,2,4,660.94,1,0,0,10145.17,0,1,568.6605495,625.9817283942081
998,1,1,814.75,0,1,1,15535.05,0,1,653.4233136,564.0190172641419
999,1,6,835.43,0,0,0,22204.0,0,1,537.8010046,468.30512442697074
